gen, bins

Generation: 1,
--Bin0:
--Bin1: 10, 10,
--Bin2:
--Bin3:
--Bin4:
--Bin5:
--Bin6:
--Bin7:
Generation: 2,
--Bin0:
--Bin1: 10, 10,
--Bin2:
--Bin3:
--Bin4:
--Bin5:
--Bin6:
--Bin7:
Generation: 3,
--Bin0:
--Bin1: 10, 10, 10,
--Bin2:
--Bin3:
--Bin4:
--Bin5:
--Bin6:
--Bin7:
Generation: 4,
--Bin0:
--Bin1: 10, 10, 10,
--Bin2:
--Bin3:
--Bin4:
--Bin5:
--Bin6:
--Bin7:
Generation: 5,
--Bin0:
--Bin1: 10, 10, 10,
--Bin2:
--Bin3:
--Bin4:
--Bin5:
--Bin6:
--Bin7:
Generation: 6,
--Bin0:
--Bin1: 10, 10, 10,
--Bin2:
--Bin3:
--Bin4:
--Bin5:
--Bin6:
--Bin7:
Generation: 7,
--Bin0:
--Bin1: 10, 10, 10,
--Bin2:
--Bin3:
--Bin4:
--Bin5:
--Bin6:
--Bin7:
Generation: 8,
--Bin0:
--Bin1: 10, 10, 10,
--Bin2:
--Bin3:
--Bin4:
--Bin5:
--Bin6:
--Bin7:
Generation: 9,
--Bin0:
--Bin1: 10, 10, 10,
--Bin2:
--Bin3:
--Bin4:
--Bin5:
--Bin6:
--Bin7: